1,New Delhi,Tier 1,23000000,1330000,578261,0.74,3.043478947,502
2,Kolkata,Tier 1,22646412,822380,363139,0.43,1.911257895,391
3,Mumbai,Tier 1,20385414,1776094,871257,0.9,4.585563158,546
4,Bengaluru,Tier 1,13261056,1229170,926902,0.56,4.878431579,366
5,Chennai,Tier 1,11192733,1000827,894176,0.35,4.706189474,304
6,Hajipur,Tier 1,219000,25000,736950,2.25,3.878684211,5
7,Hyderabad,Tier 1,9216127,875409,949866,0.28,4.999294737,258
8,Ahmedabad,Tier 1,7667167,735610,959429,0.46,5.049626316,215
9,Surat,Tier 1,6970910,462950,664117,0.9,3.495352632,163
10,Pune,Tier 1,6871873,553465,805406,0.79,4.238978947,177
11,Kozhikode,Tier 1,6185294,111397,180100,1,0.947894737,75
12,Kochi,Tier 1,5152610,172555,334889,1.48,1.762573684,86
13,Lucknow,Tier 1,5087496,170184,334514,0.69,1.7606,84
14,Ghaziabad,Tier 2,4600000,116000,252174,0.74,1.327231579,66
15,Kanpur,Tier 2,4348917,92324,212292,0.44,1.117326316,57
16,Jaipur,Tier 2,4096212,198254,483994,0.6,2.547336842,82
17,Varanasi,Tier 2,3906379,70052,179327,1.23,0.943826316,47
18,Indore,Tier 2,3500688,109562,312973,0.7,1.647226316,56
19,Patna,Tier 2,3335351,121560,364459,0.78,1.918205263,58
20,Nagpur,Tier 2,3268831,244505,747989,0.34,3.936784211,81
21,Kalyan,Tier 2,3192019,124197,389087,0.9,2.047826316,57
22,Kollam,Tier 2,3115931,121237,389087,1.35,2.047826316,56
23,Thiruvananthapuram,Tier 2,2963014,126655,427453,0.57,2.249752632,56
24,Asansol,Tier 2,2944381,114562,389087,0.67,2.047826316,53
25,Tamluk,Tier 2,2913549,113362,389087,0.66,2.047826316,52
26,Agra,Tier 2,2803663,93247,332590,0.61,1.750473684,46
27,Gurugram,Tier 2,2800000,253400,905000,0.74,4.763157895,76
28,Panipat,Tier 2,2700000,1350000,5000000,0.74,26.31578947,173
29,Dighwara,Tier 2,2515580,97878,389087,1.87,2.047826316,45
30,Bhopal,Tier 2,2507664,74746,298070,0.82,1.568789474,39
31,Chandigarh,Tier 2,2451669,127901,521690,0.57,2.745736842,51
32,Ponnani,Tier 2,2427702,94459,389087,0.75,2.047826316,43
33,Coimbatore,Tier 2,2406204,206886,859802,0.97,4.525273684,64
34,Prayagraj,Tier 2,2362104,89247,377828,0.61,1.988568421,42
35,Vadodara,Tier 2,2293031,226104,986049,1,5.189731579,65
36,Ludhiana,Tier 2,2251506,95140,422562,0.29,2.224010526,42
37,Meerut,Tier 2,2231110,74782,335178,0.96,1.764094737,37
38,Madurai,Tier 2,2149990,115286,536216,0.53,2.822189474,45
39,Mehsi,Tier 2,2078114,80857,389087,2.95,2.047826316,37
40,Dhanbad,Tier 2,2031772,58511,287980,0.57,1.515684211,31
41,Nashik,Tier 2,2012119,136420,677992,0.77,3.568378947,48
42,Jamshedpur,Tier 3,1966302,50332,255973,0.48,1.347226316,29
43,Bibhutpur,Tier 3,1950028,54601,280000,2.4,1.473684211,30
44,Ranchi,Tier 3,1837537,42273,230053,0.97,1.210805263,25
45,Faridabad,Tier 3,1800000,35000,194444,0.74,1.023389474,23
46,Aligarh,Tier 3,1740456,48733,280000,0.62,1.473684211,26
47,Dhulian,Tier 3,1709381,47863,280000,0.59,1.473684211,26
48,Bareilly,Tier 3,1650360,68627,415830,0.93,2.188578947,31
49,Visakhapatnam,Tier 3,1645247,230398,1400385,0.2,7.370447368,56
50,Jabalpur,Tier 3,1589874,71940,452489,0.49,2.381521053,31
51,Rajkot,Tier 3,1587744,154053,970263,0.41,5.106647368,45
52,Chhatrapati Sambhajinagar,Tier 3,1573399,104122,661765,0.41,3.482973684,37
53,Gwalior,Tier 3,1566165,43853,280000,0.77,1.473684211,24
54,Vasai-Virar,Tier 3,1558679,43643,280000,1.07,1.473684211,24
55,Gorakhpur,Tier 3,1531827,50728,331160,0.83,1.742947368,25
56,Jodhpur,Tier 3,1527197,33818,221438,0.74,1.165463158,21
57,Moradabad,Tier 3,1495858,41884,280000,0.76,1.473684211,23
58,Raipur,Tier 3,1490147,109030,731673,0.77,3.850910526,37
59,Durg,Tier 3,1401976,39255,280000,0.63,1.473684211,21
60,Noida,Tier 3,1400000,263000,1878571,0.74,9.887215789,55
61,Thrissur,Tier 3,1382938,172184,284000,0.82,1.494736842,21
62,Tiruchirappalli,Tier 3,1354864,83248,614438,0.43,3.233884211,30
63,Mysuru,Tier 3,1354739,84970,627206,0.94,3.301084211,31
64,Vijayawada,Tier 3,1350386,161728,1197643,-0.05,6.303384211,42
65,Salem,Tier 3,1344937,12134,130000,0.59,0.684210526,14
66,Guwahati,Tier 3,1320381,50728,384192,0.48,2.022063158,23
67,Amritsar,Tier 3,1308179,45896,350839,0.37,1.846521053,22
68,Saharanpur,Tier 3,1286130,36012,280000,0.85,1.473684211,20
69,Gyanpur,Tier 3,1264849,35416,280000,2.23,1.473684211,19
70,Tiruppur,Tier 3,1250018,66187,529488,0.58,2.786778947,26
71,Kota,Tier 3,1241872,34772,280000,0.77,1.473684211,19
72,Dehradun,Tier 3,1230385,33818,274857,0.92,1.446615789,18
73,Begusarai,Tier 3,1226355,34338,280000,1.33,1.473684211,19
74,Jalandhar,Tier 3,1196314,38650,323076,0.3,1.7004,19
75,Jammu,Tier 3,1159856,32476,280000,0.47,1.473684211,18
76,Bhubaneshwar,Tier 3,1149441,111607,970968,0.26,5.110357895,32
77,Srinagar,Tier 3,1142612,26572,232555,1.42,1.223973684,16
78,Berhampore,Tier 3,1117324,31285,280000,0.74,1.473684211,17
79,Solapur,Tier 3,1104756,100265,200000,0.19,1.052631579,14
80,Barharia,Tier 3,1058214,29630,280000,1.86,1.473684211,16
81,Kottayam,Tier 3,1051769,56443,536648,0.81,2.824463158,22
82,Thalassery,Tier 3,1048112,29347,280000,0.91,1.473684211,16
83,Malda,Tier 3,1015315,28429,280000,1.4,1.473684211,15
84,Puducherry,Tier 3,1002337,28065,280000,0.41,1.473684211,15
85,Gaya,Tier 3,1002125,28060,280000,1.11,1.473684211,15
86,Mangaluru,Tier 3,1001293,103748,1036140,0.78,5.453368421,29
87,Darbhanga,Tier 4,969374,18418,190000,1.95,1,12
88,Dharwad,Tier 4,968832,63019,650464,0.33,3.423494737,22
89,Faizabad,Tier 4,962682,18291,190000,1.11,1,12
90,Krishnanagar,Tier 4,958722,18216,190000,1.05,1,12
91,Sitamarhi,Tier 4,910366,17297,190000,2.32,1,11
92,Erode,Tier 4,898597,108081,1202775,0.65,6.330394737,28
93,Firozabad,Tier 4,892643,16960,190000,1.64,1,11
94,Bikaner,Tier 4,887075,16854,190000,0.55,1,11
95,Kotwali,Tier 4,871281,16554,190000,3.74,1,11
96,Bokaro,Tier 4,867169,16476,190000,0.53,1,11
97,Guntur,Tier 4,862943,16396,190000,0.1,1,11
98,Muzaffarnagar,Tier 4,861966,16377,190000,1.53,1,11
99,Colachel,Tier 4,854584,16237,190000,2.01,1,11
100,Bakhtiyarpur,Tier 4,854160,16229,190000,1.3,1,11
101,Warangal,Tier 4,840468,26572,316157,0.35,1.663984211,14
102,Vellore,Tier 4,827999,67370,242239,0.96,1.274942105,12
103,Imphal,Tier 4,827969,15731,190000,0.39,1,10
104,Munger,Tier 4,824990,15675,190000,1.31,1,10
105,Kolhapur,Tier 4,822285,96892,282297,0.32,1.485773684,13
106,Bilaspur,Tier 4,805463,15304,190000,0.71,1,10
107,Belagavi,Tier 4,803570,15268,190000,0.43,1,10
108,Jalgaon,Tier 4,788537,14982,190000,0.9,1,10
109,Rourkela,Tier 4,786281,14939,190000,1.24,1,10
110,Kharagpur,Tier 4,782834,14874,190000,0.86,1,10
111,Amravati,Tier 4,775578,14736,190000,0.51,1,10
112,Cape Town,Tier 4,773702,14700,190000,0.45,1,10
113,Nanded,Tier 4,773589,14698,190000,0.44,1,10
114,Sangli,Tier 4,764154,71344,258000,0.35,1.357894737,11
115,Agartala,Tier 4,762822,14494,190000,0.54,1,10
116,Kalaburagi,Tier 4,756842,14380,190000,0.38,1,9
117,Bhavnagar,Tier 4,742638,14110,190000,0.48,1,9
118,Nellore,Tier 4,737099,14005,190000,0.66,1,9
119,Haridwar,Tier 4,726048,13795,190000,1.12,1,9
120,Mirzapur,Tier 4,724146,13759,190000,1.91,1,9
121,Patiala,Tier 4,721444,13707,190000,0.44,1,9
122,Panipat,Tier 4,716520,13614,190000,0.87,1,9
123,Rasoi,Tier 4,711469,13518,190000,1.09,1,9
124,Shahjahanpur,Tier 4,700989,13319,190000,0.92,1,9
125,Panvel,Tier 4,700114,13302,190000,1.17,1,9
126,Vapi,Tier 4,691956,13147,190000,1.39,1,9
127,Akola,Tier 4,687085,13055,190000,0.54,1,9
128,Yamunanagar,Tier 4,684595,13007,190000,1.04,1,9
129,Jamnagar,Tier 4,683830,33818,494538,0.48,2.602831579,14
130,Jhansi,Tier 4,679420,12909,190000,2.62,1,8
131,Anand,Tier 4,672918,12785,190000,1.22,1,8
132,Kannur,Tier 4,667740,12687,190000,0.85,1,8
133,Siliguri,Tier 4,663600,12608,190000,0.82,1,8
134,Dhule,Tier 4,650948,12368,190000,1.11,1,8
135,Jalpaiguri,Tier 4,649787,12346,190000,1.19,1,8
136,Ajmer,Tier 4,637631,12115,190000,1.02,1,8
137,Malegaon,Tier 4,624603,11867,190000,1.05,1,8
138,Farrukhabad,Tier 4,623883,11854,190000,1.31,1,8
139,Ambala,Tier 4,619286,11766,190000,0.6,1,8
140,Rajmahal,Tier 4,615873,11702,190000,0.62,1,8
141,Bihar Sharif,Tier 4,613835,11663,190000,1.06,1,8
142,Jangalpara,Tier 4,605323,11501,190000,0.8,1,8
143,Darjeeling,Tier 4,597184,11346,190000,1.21,1,7
144,Deoria,Tier 4,594333,11292,190000,1.25,1,7
145,Sagar,Tier 4,592113,11250,190000,0.79,1,7
146,Brahmapur,Tier 4,591206,11233,190000,0.2,1,7
147,Ballari,Tier 4,589427,11199,190000,0.36,1,7
148,Ujjain,Tier 4,587971,11171,190000,0.78,1,7
149,Jaunpur,Tier 4,587310,11159,190000,1.1,1,7
150,Ballia,Tier 4,584804,11111,190000,1.48,1,7
151,Rajamahendravaram,Tier 4,582299,11064,190000,-0.04,1,7
152,Alwar,Tier 4,577590,10974,190000,0.98,1,7
153,Mathura,Tier 4,572131,10870,190000,1.05,1,7
154,Sultanpur,Tier 4,571528,10859,190000,1.69,1,7
155,Chhapra,Tier 4,566164,10757,190000,1.24,1,7
156,Davanagere,Tier 4,562673,10691,190000,0.64,1,7
157,Bahraich,Tier 4,557855,10599,190000,1.37,1,7
158,Rampur,Tier 4,557346,10590,190000,0.74,1,7
159,Azamgarh,Tier 4,557112,10585,190000,1,1,7
160,Arrah,Tier 4,555375,10552,190000,1.42,1,7
161,Bettiah,Tier 4,554453,10535,190000,3.45,1,7
162,Bulandshahr,Tier 4,551580,10480,190000,1.46,1,7
163,Silchar,Tier 4,548686,10425,190000,0.69,1,7
164,Hisar,Tier 4,547966,10411,190000,0.77,1,7
165,Tirupati,Tier 4,542244,10303,190000,0.55,1,7
166,Shillong,Tier 4,539487,10250,190000,0.86,1,7
167,Ahmednagar,Tier 4,538946,10240,190000,0.81,1,7
168,Rohtak,Tier 4,530652,10082,190000,0.78,1,7
169,Bhore,Tier 4,529360,10058,190000,2.14,1,7
170,Latur,Tier 4,522547,9928,190000,0.51,1,7
171,Satna,Tier 4,522095,9920,190000,0.91,1,7
172,Roorkee,Tier 4,518490,9851,190000,1.41,1,6
173,Mau,Tier 4,516686,9817,190000,0.83,1,6
174,Lakhimpur,Tier 4,506311,9620,190000,0.95,1,6
175,Hardoi,Tier 4,500571,9511,190000,1.4,1,6
176,Karnal,Tier 4,500411,9508,190000,1.25,1,6
177,Hapur,Tier 5,499060,6488,130000,1.06,0.684210526,5
178,Bazarati,Tier 5,492577,6404,130000,1.02,0.684210526,5
179,Ghazipur,Tier 5,491583,6391,130000,3.75,0.684210526,5
180,Dimapur,Tier 5,490210,6373,130000,0.56,0.684210526,5
181,Cooch Behar,Tier 5,490037,6370,130000,1.18,0.684210526,5
182,Kakinada,Tier 5,488760,6354,130000,-0.04,0.684210526,5
183,Gonda,Tier 5,482918,6278,130000,1.09,0.684210526,5
184,Siuri,Tier 5,482864,6277,130000,0.47,0.684210526,5
185,Etawah,Tier 5,480414,6245,130000,1.09,0.684210526,5
186,Raebareli,Tier 5,476019,6188,130000,0.83,0.684210526,5
187,Sitapur,Tier 5,475912,6187,130000,1.31,0.684210526,5
188,Kurnool,Tier 5,472006,6136,130000,0.64,0.684210526,5
189,Ichalkaranji,Tier 5,468780,6094,130000,0.64,0.684210526,5
190,Haldwani,Tier 5,467997,6084,130000,0.96,0.684210526,5
191,Purnia,Tier 5,465311,6049,130000,0.93,0.684210526,5
192,Nagercoil,Tier 5,464063,6033,130000,0.7,0.684210526,5
193,Saharsa,Tier 5,462393,6011,130000,1.21,0.684210526,5
194,Raiganj,Tier 5,461746,6003,130000,1.21,0.684210526,5
195,Canning,Tier 5,456852,5939,130000,2.08,0.684210526,5
196,Basti,Tier 5,455119,5917,130000,1.04,0.684210526,5
197,Vijayapura,Tier 5,451630,5871,130000,0.32,0.684210526,5
198,Jhusi,Tier 5,448517,5831,130000,3.85,0.684210526,5
199,Parbhani,Tier 5,448192,5826,130000,0.38,0.684210526,5
200,Thanjavur,Tier 5,445441,5791,130000,0.38,0.684210526,5
201,Anantapur,Tier 5,444837,5783,130000,0.6,0.684210526,5
202,Nizamabad,Tier 5,444548,5779,130000,0.42,0.684210526,5
203,Padrauna,Tier 5,442576,5753,130000,2.53,0.684210526,5
204,Dindigul,Tier 5,441494,5739,130000,0.61,0.684210526,5
205,Bhilwara,Tier 5,438962,5707,130000,1.05,0.684210526,5
206,Sambhal,Tier 5,438855,5705,130000,0.71,0.684210526,5
207,Cuddalore,Tier 5,438407,5699,130000,0.44,0.684210526,5
208,Katihar,Tier 5,436961,5680,130000,1.51,0.684210526,5
209,Khansahib,Tier 5,435451,5661,130000,1.73,0.684210526,5
210,Deoghar,Tier 5,428624,5572,130000,1.17,0.684210526,4
211,Shivamogga,Tier 5,426640,5546,130000,0.65,0.684210526,4
212,Bathinda,Tier 5,425693,5534,130000,0.93,0.684210526,4
213,Navsari,Tier 5,425409,5530,130000,1.02,0.684210526,4
214,Hosur,Tier 5,424281,5516,130000,1.02,0.684210526,4
215,Giridih,Tier 5,423038,5499,130000,0.6,0.684210526,4
216,Basirhat,Tier 5,422345,5490,130000,0.63,0.684210526,4
217,Chandrapur,Tier 5,418314,5438,130000,0.34,0.684210526,4
218,Hathras,Tier 5,417068,5422,130000,0.96,0.684210526,4
219,Bharuch,Tier 5,414854,5393,130000,0.91,0.684210526,4
220,Waidhan,Tier 5,412941,5368,130000,1.09,0.684210526,4
221,Bhind,Tier 5,410290,5334,130000,0.88,0.684210526,4
222,Jalna,Tier 5,409284,5321,130000,0.57,0.684210526,4
223,Kumbakonam,Tier 5,407834,5302,130000,0.48,0.684210526,4
224,Bhiwadi,Tier 5,407332,5295,130000,1.51,0.684210526,4
225,Tumakuru,Tier 5,406398,5283,130000,0.82,0.684210526,4
226,Bharatpur,Tier 5,406178,5280,130000,0.79,0.684210526,4
227,Modinagar,Tier 5,404786,5262,130000,1.1,0.684210526,4
228,Palakkad,Tier 5,404712,5261,130000,0.68,0.684210526,4
229,Pratapgarh,Tier 5,402695,5235,130000,1.1,0.684210526,4
230,Khandwa,Tier 5,399341,5191,130000,1.12,0.684210526,4
231,Sonipat,Tier 5,398567,5181,130000,1.01,0.684210526,4
232,Nadiad,Tier 5,397879,5172,130000,1.52,0.684210526,4
233,Mahesana,Tier 5,397500,5168,130000,0.81,0.684210526,4
234,Kanchipuram,Tier 5,397069,5162,130000,0.56,0.684210526,4
235,Tamkuhi Raj,Tier 5,396730,5157,130000,1.85,0.684210526,4
236,Motihari,Tier 5,396718,5157,130000,1.13,0.684210526,4
237,Morena,Tier 5,396644,5156,130000,0.79,0.684210526,4
238,Kadapa,Tier 5,395395,5140,130000,0.48,0.684210526,4
239,Kralpora,Tier 5,393277,5113,130000,4.15,0.684210526,4
240,Rewa,Tier 5,386679,5027,130000,0.96,0.684210526,4
241,Badaun,Tier 5,385780,5015,130000,0.81,0.684210526,4
242,Silvassa,Tier 5,384233,4995,130000,4.81,0.684210526,4
243,Eluru,Tier 5,382963,4979,130000,-0.03,0.684210526,4
244,Tirunelveli,Tier 5,380975,4953,130000,1.32,0.684210526,4
245,Debandi,Tier 5,377813,4912,130000,0.91,0.684210526,4
246,Khagaria,Tier 5,377232,4904,130000,1.21,0.684210526,4
247,Viluppuram,Tier 5,377103,4902,130000,0.4,0.684210526,4
248,Dehri,Tier 5,375743,4885,130000,1.9,0.684210526,4
249,Junagadh,Tier 5,375424,4881,130000,0.58,0.684210526,4
250,Dewas,Tier 5,373954,4861,130000,0.94,0.684210526,4
251,Godhra,Tier 5,371890,4835,130000,1.16,0.684210526,4
252,Ratlam,Tier 5,370576,4817,130000,0.99,0.684210526,4
253,Thoothukudi,Tier 5,370525,4817,130000,0.63,0.684210526,4
254,Yavatmal,Tier 5,365816,4756,130000,0.52,0.684210526,4
255,Simri,Tier 5,364028,4732,130000,4.36,0.684210526,4
256,Dhubri,Tier 5,362300,4710,130000,1.89,0.684210526,4
257,Pilibhit,Tier 5,361256,4696,130000,0.89,0.684210526,4
258,Korba,Tier 5,359223,4670,130000,0.97,0.684210526,4
259,Aizawl,Tier 5,358789,4664,130000,0.61,0.684210526,4
260,Kurukshetra,Tier 5,357244,4644,130000,1.17,0.684210526,4
261,Madhubani,Tier 5,356886,4640,130000,1.29,0.684210526,4
262,Khurja,Tier 5,356846,4639,130000,1.15,0.684210526,4
263,Dahod,Tier 5,356714,4637,130000,1.73,0.684210526,4
264,Satara,Tier 5,356478,4634,130000,0.24,0.684210526,4
265,Karimnagar,Tier 5,353180,4591,130000,0.38,0.684210526,4
266,Purulia,Tier 5,352277,4580,130000,0.45,0.684210526,4
267,Mainpuri,Tier 5,350566,4557,130000,1,0.684210526,4
268,Burhanpur,Tier 5,349681,4546,130000,0.98,0.684210526,4
269,Etah,Tier 5,349386,4542,130000,1.57,0.684210526,4
270,Birpur,Tier 5,346841,4509,130000,2.03,0.684210526,4
271,Khammam,Tier 5,346395,4503,130000,-0.04,0.684210526,4
272,Tiruvannamalai,Tier 5,344768,4482,130000,0.58,0.684210526,4
273,Bhagalpur,Tier 5,343369,4464,130000,1.12,0.684210526,4
274,Pupri,Tier 5,341024,4433,130000,1.43,0.684210526,4
275,Tanur,Tier 5,340585,4428,130000,1.38,0.684210526,4
276,Thakurdwara,Tier 5,340347,4425,130000,1.06,0.684210526,4
277,Sri Ganganagar,Tier 5,338345,4398,130000,0.77,0.684210526,3
278,Sasaram,Tier 5,336477,4374,130000,1.13,0.684210526,3
279,Rudrapur,Tier 5,336103,4369,130000,0.98,0.684210526,3
280,Sikar,Tier 5,335968,4368,130000,0.74,0.684210526,3
281,Nagaon,Tier 5,335865,4366,130000,0.65,0.684210526,3
282,Chandausi,Tier 5,335139,4357,130000,0.95,0.684210526,3
283,Tezpur,Tier 5,335075,4356,130000,2.09,0.684210526,3
284,Bhadohi,Tier 5,333956,4341,130000,2.21,0.684210526,3
285,Greater Noida,Tier 5,333379,4334,130000,1.21,0.684210526,3
286,Rishikesh,Tier 5,329912,4289,130000,1.22,0.684210526,3
287,Puri,Tier 5,328974,4277,130000,0.24,0.684210526,3
288,Khanakul,Tier 5,328446,4270,130000,0.79,0.684210526,3
289,Ranipet,Tier 5,325836,4236,130000,1.75,0.684210526,3
290,Katni,Tier 5,324522,4219,130000,0.93,0.684210526,3
291,Balurghat,Tier 5,323103,4200,130000,0.99,0.684210526,3
292,Raichur,Tier 5,320864,4171,130000,0.38,0.684210526,3
293,Bhusawal,Tier 5,320496,4166,130000,1.08,0.684210526,3
294,Hazaribagh,Tier 5,320153,4162,130000,1.04,0.684210526,3
295,Simri Bakhtiarpur,Tier 5,320023,4160,130000,2.76,0.684210526,3
296,Udupi,Tier 5,318918,4146,130000,1.01,0.684210526,3
297,Madhepura,Tier 5,318708,4143,130000,3.12,0.684210526,3
298,Surendranagar,Tier 5,318162,4136,130000,0.62,0.684210526,3
299,Kodarma,Tier 5,317644,4129,130000,1.18,0.684210526,3
300,Pathankot,Tier 5,317261,4124,130000,0.57,0.684210526,3
301,Gandhidham,Tier 5,316160,4110,130000,0.79,0.684210526,3
302,Bidar,Tier 5,315245,4098,130000,0.87,0.684210526,3
303,Vizianagaram,Tier 5,313015,4069,130000,0.22,0.684210526,3
304,Beed,Tier 5,312060,4057,130000,0.57,0.684210526,3
305,Benipur,Tier 5,310749,4040,130000,1.96,0.684210526,3
306,Damoh,Tier 5,309050,4018,130000,0.6,0.684210526,3
307,Bankura,Tier 5,308145,4006,130000,0.49,0.684210526,3
308,Barmer,Tier 5,307157,3993,130000,0.95,0.684210526,3
309,Anantnag,Tier 5,306042,3979,130000,2.22,0.684210526,3
310,Siwan,Tier 5,305305,3969,130000,1.46,0.684210526,3
311,Sivakasi,Tier 5,304738,3962,130000,0.82,0.684210526,3
312,Jigani,Tier 5,304589,3960,130000,0.94,0.684210526,3
313,Attingal,Tier 5,304443,3958,130000,2.46,0.684210526,3
314,Amroha,Tier 5,303996,3952,130000,0.96,0.684210526,3
315,Orai,Tier 5,303509,3946,130000,0.52,0.684210526,3
316,Sirsa,Tier 5,303211,3942,130000,0.93,0.684210526,3
