K0001,the change book,Books & Literature
K0002,meigen ai,Books & Literature
K0003,the bell jar,Books & Literature
K0004,365 days book,Books & Literature
K0005,google book,Books & Literature
K0006,matter aera 5000,Books & Literature
K0007,google books,Books & Literature
K0008,spring book,Books & Literature
K0009,ikigai book,Books & Literature
K0010,bibliography,Books & Literature
K0011,lonesome dove,Books & Literature
K0012,imperial blue price,Books & Literature
K0013,bashir badr,Books & Literature
K0014,the first connect book,Books & Literature
K0015,off campus book series,Books & Literature
K0016,harry potter stick,Books & Literature
K0017,filip flipkart,Books & Literature
K0018,instagram story download,Books & Literature
K0019,the blue umbrella book,Books & Literature
K0020,the odyssey book,Books & Literature
K0021,lenskart harry potter,Books & Literature
K0022,aadhaar pvc card,Books & Literature
K0023,chetan bhagat books,Books & Literature
K0024,as good as dead book,Books & Literature
K0025,jonathan livingston seagull,Books & Literature
K0026,npci,Consumer Electronics
K0027,xiaomi sound play speaker,Consumer Electronics
K0028,garmin forerunner 70,Consumer Electronics
K0029,oppo x9s,Consumer Electronics
K0030,oppo find x9s,Consumer Electronics
K0031,chrome earphones wired,Consumer Electronics
K0032,oppo find x9s price,Consumer Electronics
K0033,chrome earbuds,Consumer Electronics
K0034,garmin forerunner 265,Consumer Electronics
K0035,heera 6 pro tower speaker price,Consumer Electronics
K0036,oppo a6c,Consumer Electronics
K0037,oppo a6c price,Consumer Electronics
K0038,tvs orbiter price,Consumer Electronics
K0039,tvs iqube st,Consumer Electronics
K0040,oppo k15 pro,Consumer Electronics
K0041,sony a6700,Consumer Electronics
K0042,oppo reno 16 pro,Consumer Electronics
K0043,orbiter tvs,Consumer Electronics
K0044,apple wired earphones,Consumer Electronics
K0045,oppo reno 16,Consumer Electronics
K0046,best earbuds,Consumer Electronics
K0047,best headphones,Consumer Electronics
K0048,gopro,Consumer Electronics
K0049,jbl earbuds,Consumer Electronics
K0050,apple earbuds,Consumer Electronics
K0051,bts oreo biscuit,Food & Drink
K0052,packaged food,Food & Drink
K0053,melody chocolate,Food & Drink
K0054,melody toffee,Food & Drink
K0055,cocktail 2,Food & Drink
K0056,lichi,Food & Drink
K0057,litchi,Food & Drink
K0058,leemo hocco ice cream,Food & Drink
K0059,litchi fruit,Food & Drink
K0060,minty jamun price,Food & Drink
K0061,monster energy,Food & Drink
K0062,cooking oils,Food & Drink
K0063,amul dark chocolate,Food & Drink
K0064,minty jamun,Food & Drink
K0065,maggi masala,Food & Drink
K0066,smirnoff minty jamun 750ml price,Food & Drink
K0067,smirnoff minty jamun,Food & Drink
K0068,oregano,Food & Drink
K0069,edamame,Food & Drink
K0070,jalapeno,Food & Drink
K0071,stevia,Food & Drink
K0072,rolled oats,Food & Drink
K0073,tiramisu,Food & Drink
K0074,chocos,Food & Drink
K0075,fruit juice,Food & Drink
K0076,steel water bottle for kids,Non-Alcoholic Beverages
K0077,realme 9i,Non-Alcoholic Beverages
K0078,diet coke tumbler,Non-Alcoholic Beverages
K0079,kinley water bottle,Non-Alcoholic Beverages
K0080,adrenaline rush energy drink,Non-Alcoholic Beverages
K0081,nescafe classic instant coffee,Non-Alcoholic Beverages
K0082,afresh energy drink,Non-Alcoholic Beverages
K0083,americano coffee,Non-Alcoholic Beverages
K0084,pocari sweat,Non-Alcoholic Beverages
K0085,household items,Non-Alcoholic Beverages
K0086,raze stick,Non-Alcoholic Beverages
K0087,milton water bottle for kids,Non-Alcoholic Beverages
K0088,kinley soda,Non-Alcoholic Beverages
K0089,fruit shoot drink,Non-Alcoholic Beverages
K0090,nestle water,Non-Alcoholic Beverages
K0091,blue tea benefits,Non-Alcoholic Beverages
K0092,kokum fruit,Non-Alcoholic Beverages
K0093,nos water bottle,Non-Alcoholic Beverages
K0094,larq water bottle,Non-Alcoholic Beverages
K0095,soft drinks,Non-Alcoholic Beverages
K0096,society tea,Non-Alcoholic Beverages
K0097,redbull drink,Non-Alcoholic Beverages
K0098,pink coffee,Non-Alcoholic Beverages
K0099,cute coffee mugs,Non-Alcoholic Beverages
K0100,energy drinks,Non-Alcoholic Beverages
K0101,onion hair oil,Hair Care
K0102,best shampoo for hair fall and hair growth,Hair Care
K0103,bare anatomy hair growth serum,Hair Care
K0104,lador shampoo,Hair Care
K0105,bare anatomy anti hairfall shampoo,Hair Care
K0106,biotin tablets for hair,Hair Care
K0107,redken shampoo,Hair Care
K0108,hair straightening price,Hair Care
K0109,triclenz shampoo,Hair Care
K0110,nizoral anti-dandruff shampoo,Hair Care
K0111,jaborandi oil,Hair Care
K0112,scalpe plus anti dandruff shampoo,Hair Care
K0113,tresemme keratin smooth hair serum,Hair Care
K0114,l'oréal professionnel absolut repair shampoo,Hair Care
K0115,jaborandi hair oil,Hair Care
K0116,based sea salt spray,Hair Care
K0117,cetaphil baby shampoo,Hair Care
K0118,minimalist hair growth actives 18% hair serum,Hair Care
K0119,bare anatomy anti-hair fall shampoo,Hair Care
K0120,indulekha hair growth serum,Hair Care
K0121,iqoo neo 10r,Hair Care
K0122,oziva hair vitamins,Hair Care
K0123,almond oil for hair,Hair Care
K0124,traya hair oil,Hair Care
K0125,nova hair dryer,Hair Care
K0126,liposoluble wax,Face & Body Care
K0127,liposoluble gel wax,Face & Body Care
K0128,lotus splash cleanser,Face & Body Care
K0129,simple face wash 150ml,Face & Body Care
K0130,the derma co 1% hyaluronic sunscreen aqua gel,Face & Body Care
K0131,minimalist sepicalm moisturizer,Face & Body Care
K0132,fixderma shadow spf 50 gel,Face & Body Care
K0133,minimalist vitamin b5 moisturizer,Face & Body Care
K0134,best trimmer for men,Face & Body Care
K0135,bmw perfume,Face & Body Care
K0136,dermdoc underarm spray,Face & Body Care
K0137,epilator,Face & Body Care
K0138,perfora toothpaste,Face & Body Care
K0139,rhama perfume,Face & Body Care
K0140,emolene moisturizer,Face & Body Care
K0141,cerave pm facial moisturizing lotion,Face & Body Care
K0142,samsung galaxy s26 ultra,Face & Body Care
K0143,panty liners,Face & Body Care
K0144,cerave foaming cleanser,Face & Body Care
K0145,bioderma moisturizer,Face & Body Care
K0146,mascara,Face & Body Care
K0147,minimalist light fluid spf 50,Face & Body Care
K0148,valentino perfume,Face & Body Care
K0149,noa skin cream,Face & Body Care
K0150,dermadew soap,Face & Body Care
K0151,beauty parlour poster design,Cosmetology & Beauty Professionals
K0152,nv shoppe login,Cosmetology & Beauty Professionals
K0153,enrich salon,Cosmetology & Beauty Professionals
K0154,raaga pedicure kit,Cosmetology & Beauty Professionals
K0155,bblunt hair protection spray,Cosmetology & Beauty Professionals
K0156,pedicure machine,Cosmetology & Beauty Professionals
K0157,tf card,Cosmetology & Beauty Professionals
K0158,bblunt hair serum,Cosmetology & Beauty Professionals
K0159,lakme hair serum,Cosmetology & Beauty Professionals
K0160,frizer,Cosmetology & Beauty Professionals
K0161,sunfix,Cosmetology & Beauty Professionals
K0162,refa comb,Cosmetology & Beauty Professionals
K0163,sturdevant operative dentistry,Cosmetology & Beauty Professionals
K0164,pedicure bucket,Cosmetology & Beauty Professionals
K0165,fat loss machine,Weight Loss
K0166,herbalife formula 1 nutritional shake mix,Weight Loss
K0167,herbalife formula 1 shake,Weight Loss
K0168,herbalife protein powder,Weight Loss
K0169,green tea,Weight Loss
K0170,not a diet book,Weight Loss
K0171,loose syrup,Weight Loss
K0172,khaliyat weight loss kit,Weight Loss
K0173,fat burner capsules,Weight Loss
K0174,how to lose weight fast naturally and permanently,Weight Loss
K0175,acai berry,Weight Loss
K0176,schnell,Weight Loss
K0177,best fat burner for men,Weight Loss
K0178,mounjaro weight loss price,Weight Loss
K0179,cell activator herbalife,Weight Loss
K0180,makhana for weight loss,Weight Loss
K0181,fat burner for women,Weight Loss
K0182,weight loss medicine for female,Weight Loss
K0183,weight loss injections,Weight Loss
K0184,herbalife nutrition shake,Weight Loss
K0185,fat burner tablets,Weight Loss
K0186,triglycerides,Weight Loss
K0187,herbalife nutrition weight loss,Weight Loss
K0188,herbalife nutrition skin booster,Weight Loss
K0189,herbalife login,Weight Loss
K0190,skyr yogurt,Small Kitchen Appliances
K0191,toaster price,Small Kitchen Appliances
K0192,infinix note 50 pro plus price in india,Small Kitchen Appliances
K0193,bread maker,Small Kitchen Appliances
K0194,coffee grinder machine,Small Kitchen Appliances
K0195,motorola edge 70 pro plus price in india,Small Kitchen Appliances
K0196,roti maker wooden,Small Kitchen Appliances
K0197,hand blender machine,Small Kitchen Appliances
K0198,nothing phone 3a,Small Kitchen Appliances
K0199,samsung galaxy s24 fe,Small Kitchen Appliances
K0200,vegetable knife,Small Kitchen Appliances
K0201,julienne peeler,Small Kitchen Appliances
K0202,electric kettle 1.5 litre,Small Kitchen Appliances
K0203,garlic peeling machine,Small Kitchen Appliances
K0204,portable mixer grinder,Small Kitchen Appliances
K0205,samsung galaxy s25,Small Kitchen Appliances
K0206,hand beater,Small Kitchen Appliances
K0207,motorola edge 60 fusion,Small Kitchen Appliances
K0208,mixer grinder under 1500,Small Kitchen Appliances
K0209,steam cooker,Small Kitchen Appliances
K0210,sumeet mixer grinder,Small Kitchen Appliances
K0211,agaro hand blender,Small Kitchen Appliances
K0212,agaro coffee machine,Small Kitchen Appliances
K0213,samsung galaxy s25 ultra,Small Kitchen Appliances
K0214,best mixer grinder for home,Small Kitchen Appliances
K0215,meat cutting knife,Cookware & Tableware
K0216,villeroy,Cookware & Tableware
K0217,kixa tumbler,Cookware & Tableware
K0218,steel chopping board,Cookware & Tableware
K0219,nonstick kadai,Cookware & Tableware
K0220,melamine dinner set,Cookware & Tableware
K0221,aprons,Cookware & Tableware
K0222,vinod intelligent cookware,Cookware & Tableware
K0223,kali mitti,Cookware & Tableware
K0224,french fries cutter,Cookware & Tableware
K0225,apron dress,Cookware & Tableware
K0226,sauce pan,Cookware & Tableware
K0227,plates for dinner,Cookware & Tableware
K0228,wire stripper,Cookware & Tableware
K0229,santoku knife,Cookware & Tableware
K0230,aluminium utensils,Cookware & Tableware
K0231,grinder kitchen,Cookware & Tableware
K0232,knife set for kitchen,Cookware & Tableware
K0233,coca cola tumbler,Cookware & Tableware
K0234,knife sharpener stone,Cookware & Tableware
K0235,cute tumbler for girls,Cookware & Tableware
K0236,dinnerware,Cookware & Tableware
K0237,boldfit tumbler,Cookware & Tableware
K0238,knife set with stand,Cookware & Tableware
K0239,indus valley cookware set,Cookware & Tableware
K0240,portugal jersey black,Sporting Goods
K0241,retro football jerseys,Sporting Goods
K0242,2l water bottle,Sporting Goods
K0243,fifa jersey,Sporting Goods
K0244,duke bike,Sporting Goods
K0245,club jersey,Sporting Goods
K0246,briar jersey,Sporting Goods
K0247,goggles for boys,Sporting Goods
K0248,football jersey portugal,Sporting Goods
K0249,norway jersey,Sporting Goods
K0250,mobile stand for bike,Sporting Goods
K0251,best electric cycle in india,Sporting Goods
K0252,spain football jersey,Sporting Goods
K0253,akdeals.com electric bicycle,Sporting Goods
K0254,tunwal e bike,Sporting Goods
K0255,jersey t shirt football,Sporting Goods
K0256,reaction ball,Sporting Goods
K0257,agarwood tree,Sporting Goods
K0258,helmet lock for bike,Sporting Goods
K0259,rcb 2 star jersey,Sporting Goods
K0260,electric bike low price,Sporting Goods
K0261,fat tyre cycle under 5000,Sporting Goods
K0262,re bikes,Sporting Goods
K0263,electric bikes in india,Sporting Goods
K0264,england jersey,Sporting Goods
